Time,h,der(h),v,der(v),g,e
0.0,1.0,0.0,0.0,-9.81,9.81,0.7
0.01,1.0,-0.09809999999999999,-0.09809999999999999,-9.81,9.81,0.7
0.02,0.9990190000000001,-0.1962,-0.1962,-9.81,9.81,0.7
0.03,0.9970570000000003,-0.29429999999999995,-0.29429999999999995,-9.81,9.81,0.7
0.04,0.9941140000000006,-0.39239999999999975,-0.39239999999999975,-9.81,9.81,0.7
0.05,0.990190000000001,-0.49049999999999955,-0.49049999999999955,-9.81,9.81,0.7
0.060000000000000005,0.9852850000000015,-0.5885999999999995,-0.5885999999999995,-9.81,9.81,0.7
0.07,0.979399000000001,-0.6866999999999993,-0.6866999999999993,-9.81,9.81,0.7
0.08,0.9725320000000006,-0.784799999999999,-0.784799999999999,-9.81,9.81,0.7
0.09,0.9646840000000003,-0.8828999999999988,-0.8828999999999988,-9.81,9.81,0.7
0.09999999999999999,0.9558550000000001,-0.9809999999999985,-0.9809999999999985,-9.81,9.81,0.7
0.10999999999999999,0.946045,-1.079099999999999,-1.079099999999999,-9.81,9.81,0.7
0.11999999999999998,0.935254,-1.1771999999999998,-1.1771999999999998,-9.81,9.81,0.7
0.12999999999999998,0.9234820000000001,-1.2753000000000008,-1.2753000000000008,-9.81,9.81,0.7
0.13999999999999999,0.9107290000000003,-1.3734000000000017,-1.3734000000000017,-9.81,9.81,0.7
0.15,0.8969950000000007,-1.4715000000000027,-1.4715000000000027,-9.81,9.81,0.7
0.16,0.8822800000000011,-1.5696000000000037,-1.5696000000000037,-9.81,9.81,0.7
0.17,0.8665840000000015,-1.6677000000000046,-1.6677000000000046,-9.81,9.81,0.7
0.18000000000000002,0.849907000000001,-1.7658000000000056,-1.7658000000000056,-9.81,9.81,0.7
0.19000000000000003,0.8322490000000006,-1.8639000000000066,-1.8639000000000066,-9.81,9.81,0.7
0.20000000000000004,0.8136100000000003,-1.9620000000000075,-1.9620000000000075,-9.81,9.81,0.7
0.21000000000000005,0.7939900000000001,-2.060100000000007,-2.060100000000007,-9.81,9.81,0.7
0.22000000000000006,0.773389,-2.1582000000000057,-2.1582000000000057,-9.81,9.81,0.7
0.23000000000000007,0.751807,-2.2563000000000044,-2.2563000000000044,-9.81,9.81,0.7
0.24000000000000007,0.7292440000000001,-2.354400000000003,-2.354400000000003,-9.81,9.81,0.7
0.25000000000000006,0.7057000000000003,-2.452500000000002,-2.452500000000002,-9.81,9.81,0.7
0.26000000000000006,0.6811750000000006,-2.5506000000000006,-2.5506000000000006,-9.81,9.81,0.7
0.2700000000000001,0.6556690000000011,-2.6486999999999994,-2.6486999999999994,-9.81,9.81,0.7
0.2800000000000001,0.6291820000000016,-2.746799999999998,-2.746799999999998,-9.81,9.81,0.7
0.2900000000000001,0.6017140000000011,-2.844899999999997,-2.844899999999997,-9.81,9.81,0.7
0.3000000000000001,0.5732650000000007,-2.9429999999999956,-2.9429999999999956,-9.81,9.81,0.7
0.3100000000000001,0.5438350000000004,-3.0410999999999944,-3.0410999999999944,-9.81,9.81,0.7
0.3200000000000001,0.5134240000000002,-3.139199999999993,-3.139199999999993,-9.81,9.81,0.7
0.3300000000000001,0.4820320000000001,-3.237299999999992,-3.237299999999992,-9.81,9.81,0.7
0.34000000000000014,0.44965900000000014,-3.3353999999999906,-3.3353999999999906,-9.81,9.81,0.7
0.35000000000000014,0.41630500000000026,-3.4334999999999893,-3.4334999999999893,-9.81,9.81,0.7
0.36000000000000015,0.3819700000000005,-3.531599999999988,-3.531599999999988,-9.81,9.81,0.7
0.37000000000000016,0.3466540000000008,-3.629699999999987,-3.629699999999987,-9.81,9.81,0.7
0.38000000000000017,0.31035700000000066,-3.7277999999999856,-3.7277999999999856,-9.81,9.81,0.7
0.3900000000000002,0.2730790000000006,-3.8258999999999843,-3.8258999999999843,-9.81,9.81,0.7
0.4000000000000002,0.2348200000000007,-3.923999999999983,-3.923999999999983,-9.81,9.81,0.7
0.4100000000000002,0.19558000000000086,-4.022099999999982,-4.022099999999982,-9.81,9.81,0.7
0.4200000000000002,0.15535900000000114,-4.120199999999981,-4.120199999999981,-9.81,9.81,0.7
0.4300000000000002,0.11415700000000126,-4.21829999999998,-4.21829999999998,-9.81,9.81,0.7
0.4400000000000002,0.07197400000000145,-4.3163999999999785,-4.3163999999999785,-9.81,9.81,0.7
0.45000000000000023,0.02881000000000166,-4.414499999999977,-4.414499999999977,-9.81,9.81,0.7
0.46000000000000024,-0.015334999999998117,3.158819999999983,3.158819999999983,-9.81,9.81,0.7
0.47000000000000025,0.016253200000001716,3.0607199999999843,3.0607199999999843,-9.81,9.81,0.7
0.48000000000000026,0.04686040000000156,2.9626199999999856,2.9626199999999856,-9.81,9.81,0.7
0.49000000000000027,0.07648660000000142,2.864519999999987,2.864519999999987,-9.81,9.81,0.7
0.5000000000000002,0.10513180000000108,2.7664199999999886,2.7664199999999886,-9.81,9.81,0.7
0.5100000000000002,0.132796000000001,2.66831999999999,2.66831999999999,-9.81,9.81,0.7
0.5200000000000002,0.15947920000000101,2.570219999999991,2.570219999999991,-9.81,9.81,0.7
0.5300000000000002,0.18518140000000086,2.4721199999999923,2.4721199999999923,-9.81,9.81,0.7
0.5400000000000003,0.2099026000000008,2.3740199999999936,2.3740199999999936,-9.81,9.81,0.7
0.5500000000000003,0.23364280000000084,2.275919999999995,2.275919999999995,-9.81,9.81,0.7
0.5600000000000003,0.25640200000000074,2.177819999999996,2.177819999999996,-9.81,9.81,0.7
0.5700000000000003,0.2781802000000007,2.0797199999999973,2.0797199999999973,-9.81,9.81,0.7
0.5800000000000003,0.2989774000000008,1.9816199999999982,1.9816199999999982,-9.81,9.81,0.7
0.5900000000000003,0.31879360000000095,1.8835199999999972,1.8835199999999972,-9.81,9.81,0.7
0.6000000000000003,0.3376288000000007,1.7854199999999962,1.7854199999999962,-9.81,9.81,0.7
0.6100000000000003,0.3554830000000005,1.6873199999999953,1.6873199999999953,-9.81,9.81,0.7
0.6200000000000003,0.3723562000000004,1.5892199999999943,1.5892199999999943,-9.81,9.81,0.7
0.6300000000000003,0.38824840000000044,1.4911199999999933,1.4911199999999933,-9.81,9.81,0.7
0.6400000000000003,0.40315960000000056,1.3930199999999924,1.3930199999999924,-9.81,9.81,0.7
0.6500000000000004,0.41708980000000023,1.2949199999999914,1.2949199999999914,-9.81,9.81,0.7
0.6600000000000004,0.430039,1.1968199999999904,1.1968199999999904,-9.81,9.81,0.7
0.6700000000000004,0.4420071999999999,1.0987199999999895,1.0987199999999895,-9.81,9.81,0.7
0.6800000000000004,0.45299439999999985,1.0006199999999885,1.0006199999999885,-9.81,9.81,0.7
0.6900000000000004,0.46300059999999993,0.9025199999999887,0.9025199999999887,-9.81,9.81,0.7
0.7000000000000004,0.47202579999999955,0.8044199999999888,0.8044199999999888,-9.81,9.81,0.7
0.7100000000000004,0.4800699999999993,0.706319999999989,0.706319999999989,-9.81,9.81,0.7
0.7200000000000004,0.4871331999999991,0.6082199999999891,0.6082199999999891,-9.81,9.81,0.7
0.7300000000000004,0.493215399999999,0.5101199999999892,0.5101199999999892,-9.81,9.81,0.7
0.7400000000000004,0.49831659999999905,0.4120199999999894,0.4120199999999894,-9.81,9.81,0.7
0.7500000000000004,0.5024367999999989,0.31391999999998954,0.31391999999998954,-9.81,9.81,0.7
0.7600000000000005,0.5055759999999986,0.21581999999998958,0.21581999999998958,-9.81,9.81,0.7
0.7700000000000005,0.5077341999999984,0.11771999999998944,0.11771999999998944,-9.81,9.81,0.7
0.7800000000000005,0.5089113999999982,0.01961999999998944,0.01961999999998944,-9.81,9.81,0.7
0.7900000000000005,0.5091075999999982,-0.07848000000001058,-0.07848000000001058,-9.81,9.81,0.7
0.8000000000000005,0.5083227999999983,-0.17658000000001065,-0.17658000000001065,-9.81,9.81,0.7
0.8100000000000005,0.5065569999999985,-0.2746800000000107,-0.2746800000000107,-9.81,9.81,0.7
0.8200000000000005,0.5038101999999988,-0.37278000000001055,-0.37278000000001055,-9.81,9.81,0.7
0.8300000000000005,0.5000823999999991,-0.4708800000000104,-0.4708800000000104,-9.81,9.81,0.7
0.8400000000000005,0.4953735999999991,-0.5689800000000103,-0.5689800000000103,-9.81,9.81,0.7
0.8500000000000005,0.4896837999999991,-0.6670800000000101,-0.6670800000000101,-9.81,9.81,0.7
0.8600000000000005,0.48301299999999925,-0.76518000000001,-0.76518000000001,-9.81,9.81,0.7
0.8700000000000006,0.47536119999999893,-0.8632800000000098,-0.8632800000000098,-9.81,9.81,0.7
0.8800000000000006,0.4667283999999987,-0.9613800000000097,-0.9613800000000097,-9.81,9.81,0.7
0.8900000000000006,0.4571145999999986,-1.0594800000000102,-1.0594800000000102,-9.81,9.81,0.7
0.9000000000000006,0.4465197999999986,-1.1575800000000112,-1.1575800000000112,-9.81,9.81,0.7
0.9100000000000006,0.43494399999999867,-1.2556800000000121,-1.2556800000000121,-9.81,9.81,0.7
0.9200000000000006,0.4223871999999983,-1.353780000000013,-1.353780000000013,-9.81,9.81,0.7
0.9300000000000006,0.40884939999999803,-1.451880000000014,-1.451880000000014,-9.81,9.81,0.7
0.9400000000000006,0.39433059999999787,-1.549980000000015,-1.549980000000015,-9.81,9.81,0.7
0.9500000000000006,0.3788307999999978,-1.648080000000016,-1.648080000000016,-9.81,9.81,0.7
0.9600000000000006,0.36234999999999784,-1.746180000000017,-1.746180000000017,-9.81,9.81,0.7
0.9700000000000006,0.3448881999999974,-1.844280000000018,-1.844280000000018,-9.81,9.81,0.7
0.9800000000000006,0.3264453999999971,-1.9423800000000189,-1.9423800000000189,-9.81,9.81,0.7
0.9900000000000007,0.3070215999999969,-2.0404800000000187,-2.0404800000000187,-9.81,9.81,0.7
1.0000000000000007,0.2866167999999968,-2.1385800000000175,-2.1385800000000175,-9.81,9.81,0.7
1.0100000000000007,0.2652309999999944,-2.2366800000000273,-2.2366800000000273,-9.81,9.81,0.7
1.0200000000000007,0.24286419999999156,-2.334780000000037,-2.334780000000037,-9.81,9.81,0.7
1.0300000000000007,0.21951639999998862,-2.432880000000047,-2.432880000000047,-9.81,9.81,0.7
1.0400000000000007,0.1951875999999854,-2.530980000000057,-2.530980000000057,-9.81,9.81,0.7
1.0500000000000007,0.16987779999998215,-2.6290800000000667,-2.6290800000000667,-9.81,9.81,0.7
1.0600000000000007,0.14358699999997862,-2.7271800000000765,-2.7271800000000765,-9.81,9.81,0.7
1.0700000000000007,0.1163151999999748,-2.8252800000000864,-2.8252800000000864,-9.81,9.81,0.7
1.0800000000000007,0.08806239999997084,-2.9233800000000962,-2.9233800000000962,-9.81,9.81,0.7
1.0900000000000007,0.058828599999966605,-3.021480000000106,-3.021480000000106,-9.81,9.81,0.7
1.1000000000000008,0.028613799999962206,-3.119580000000116,-3.119580000000116,-9.81,9.81,0.7
1.1100000000000008,-0.0025820000000424145,2.252376000000088,2.252376000000088,-9.81,9.81,0.7
1.1200000000000008,0.019941759999960965,2.154276000000078,2.154276000000078,-9.81,9.81,0.7
1.1300000000000008,0.04148451999996416,2.056176000000068,2.056176000000068,-9.81,9.81,0.7
1.1400000000000008,0.06204627999996713,1.9580760000000574,1.9580760000000574,-9.81,9.81,0.7
1.1500000000000008,0.0816270399999699,1.8599760000000456,1.8599760000000456,-9.81,9.81,0.7
1.1600000000000008,0.10022679999997237,1.7618760000000337,1.7618760000000337,-9.81,9.81,0.7
1.1700000000000008,0.1178455599999747,1.663776000000022,1.663776000000022,-9.81,9.81,0.7
1.1800000000000008,0.13448331999997684,1.56567600000001,1.56567600000001,-9.81,9.81,0.7
1.1900000000000008,0.15014007999997875,1.4675759999999982,1.4675759999999982,-9.81,9.81,0.7
1.2000000000000008,0.16481583999998037,1.3694759999999864,1.3694759999999864,-9.81,9.81,0.7
1.2100000000000009,0.1785105999999817,1.2713759999999745,1.2713759999999745,-9.81,9.81,0.7
1.2200000000000009,0.19122435999998275,1.1732759999999627,1.1732759999999627,-9.81,9.81,0.7
1.2300000000000009,0.20295711999998378,1.0751759999999508,1.0751759999999508,-9.81,9.81,0.7
1.2400000000000009,0.21370887999998453,0.9770759999999393,0.9770759999999393,-9.81,9.81,0.7
1.2500000000000009,0.223479639999985,0.8789759999999286,0.8789759999999286,-9.81,9.81,0.7
1.260000000000001,0.23226939999998517,0.7808759999999179,0.7808759999999179,-9.81,9.81,0.7
1.270000000000001,0.24007815999998533,0.6827759999999071,0.6827759999999071,-9.81,9.81,0.7
1.280000000000001,0.2469059199999852,0.5846759999998964,0.5846759999998964,-9.81,9.81,0.7
1.290000000000001,0.25275267999998485,0.48657599999988566,0.48657599999988566,-9.81,9.81,0.7
1.300000000000001,0.25761843999998446,0.3884759999998749,0.3884759999998749,-9.81,9.81,0.7
1.310000000000001,0.2615031999999835,0.2903759999998642,0.2903759999998642,-9.81,9.81,0.7
1.320000000000001,0.26440695999998254,0.1922759999998533,0.1922759999998533,-9.81,9.81,0.7
1.330000000000001,0.26632971999998156,0.09417599999984232,0.09417599999984232,-9.81,9.81,0.7
1.340000000000001,0.26727147999998,-0.003924000000168571,-0.003924000000168571,-9.81,9.81,0.7
1.350000000000001,0.26723223999997847,-0.10202400000017947,-0.10202400000017947,-9.81,9.81,0.7
1.360000000000001,0.26621199999997636,-0.20012400000019046,-0.20012400000019046,-9.81,9.81,0.7
1.370000000000001,0.26421075999997423,-0.29822400000020133,-0.29822400000020133,-9.81,9.81,0.7
1.380000000000001,0.2612285199999721,-0.39632400000021206,-0.39632400000021206,-9.81,9.81,0.7
1.390000000000001,0.2572652799999694,-0.4944240000002228,-0.4944240000002228,-9.81,9.81,0.7
1.400000000000001,0.2523210399999667,-0.5925240000002335,-0.5925240000002335,-9.81,9.81,0.7
1.410000000000001,0.2463957999999636,-0.6906240000002443,-0.6906240000002443,-9.81,9.81,0.7
1.420000000000001,0.23948955999996033,-0.788724000000255,-0.788724000000255,-9.81,9.81,0.7
1.430000000000001,0.23160231999995676,-0.8868240000002657,-0.8868240000002657,-9.81,9.81,0.7
1.440000000000001,0.2227340799999532,-0.9849240000002765,-0.9849240000002765,-9.81,9.81,0.7
1.450000000000001,0.21288483999994937,-1.0830240000002882,-1.0830240000002882,-9.81,9.81,0.7
1.460000000000001,0.20205459999994524,-1.1811240000003,-1.1811240000003,-9.81,9.81,0.7
1.470000000000001,0.19024335999994083,-1.279224000000312,-1.279224000000312,-9.81,9.81,0.7
1.480000000000001,0.1774511199999364,-1.3773240000003237,-1.3773240000003237,-9.81,9.81,0.7
1.490000000000001,0.1636778799999317,-1.4754240000003356,-1.4754240000003356,-9.81,9.81,0.7
1.500000000000001,0.1489236399999267,-1.5735240000003474,-1.5735240000003474,-9.81,9.81,0.7
1.5100000000000011,0.1331883999999214,-1.6716240000003593,-1.6716240000003593,-9.81,9.81,0.7
1.5200000000000011,0.11647215999991592,-1.7697240000003711,-1.7697240000003711,-9.81,9.81,0.7
1.5300000000000011,0.0987749199999102,-1.867824000000383,-1.867824000000383,-9.81,9.81,0.7
1.5400000000000011,0.08009667999990434,-1.9659240000003948,-1.9659240000003948,-9.81,9.81,0.7
1.5500000000000012,0.060437439999898195,-2.0640240000004053,-2.0640240000004053,-9.81,9.81,0.7
1.5600000000000012,0.039797199999891834,-2.162124000000415,-2.162124000000415,-9.81,9.81,0.7
1.5700000000000012,0.01817595999988528,-2.260224000000425,-2.260224000000425,-9.81,9.81,0.7
1.5800000000000012,-0.004426280000121478,1.6508268000003044,1.6508268000003044,-9.81,9.81,0.7
1.5900000000000012,0.012081987999883402,1.5527268000002925,1.5527268000002925,-9.81,9.81,0.7
1.6000000000000012,0.02760925599988805,1.4546268000002807,1.4546268000002807,-9.81,9.81,0.7
1.6100000000000012,0.04215552399989248,1.3565268000002688,1.3565268000002688,-9.81,9.81,0.7
1.6200000000000012,0.0557207919998967,1.258426800000257,1.258426800000257,-9.81,9.81,0.7
1.6300000000000012,0.06830505999990064,1.1603268000002451,1.1603268000002451,-9.81,9.81,0.7
1.6400000000000012,0.07990832799990442,1.0622268000002333,1.0622268000002333,-9.81,9.81,0.7
1.6500000000000012,0.09053059599990793,0.9641268000002219,0.9641268000002219,-9.81,9.81,0.7
1.6600000000000013,0.10017186399991128,0.8660268000002111,0.8660268000002111,-9.81,9.81,0.7
1.6700000000000013,0.10883213199991434,0.7679268000002004,0.7679268000002004,-9.81,9.81,0.7
1.6800000000000013,0.11651139999991726,0.6698268000001897,0.6698268000001897,-9.81,9.81,0.7
1.6900000000000013,0.1232096679999199,0.571726800000179,0.571726800000179,-9.81,9.81,0.7
1.7000000000000013,0.1289269359999223,0.4736268000001682,0.4736268000001682,-9.81,9.81,0.7
1.7100000000000013,0.13366320399992465,0.3755268000001575,0.3755268000001575,-9.81,9.81,0.7
1.7200000000000013,0.1374184719999267,0.27742680000014674,0.27742680000014674,-9.81,9.81,0.7
1.7300000000000013,0.14019273999992848,0.1793268000001358,0.1793268000001358,-9.81,9.81,0.7
1.7400000000000013,0.14198600799992997,0.08122680000012483,0.08122680000012483,-9.81,9.81,0.7
1.7500000000000013,0.14279827599993117,-0.016873199999886058,-0.016873199999886058,-9.81,9.81,0.7
1.7600000000000013,0.14262954399993236,-0.11497319999989696,-0.11497319999989696,-9.81,9.81,0.7
1.7700000000000014,0.14147981199993326,-0.21307319999990795,-0.21307319999990795,-9.81,9.81,0.7
1.7800000000000014,0.13934907999993387,-0.31117319999991877,-0.31117319999991877,-9.81,9.81,0.7
1.7900000000000014,0.13623734799993423,-0.4092731999999295,-0.4092731999999295,-9.81,9.81,0.7
1.8000000000000014,0.13214461599993457,-0.5073731999999402,-0.5073731999999402,-9.81,9.81,0.7
1.8100000000000014,0.12707088399993463,-0.605473199999951,-0.605473199999951,-9.81,9.81,0.7
1.8200000000000014,0.1210161519999344,-0.7035731999999617,-0.7035731999999617,-9.81,9.81,0.7
1.8300000000000014,0.11398041999993402,-0.8016731999999724,-0.8016731999999724,-9.81,9.81,0.7
1.8400000000000014,0.10596368799993336,-0.8997731999999832,-0.8997731999999832,-9.81,9.81,0.7
1.8500000000000014,0.09696595599993255,-0.9978731999999939,-0.9978731999999939,-9.81,9.81,0.7
1.8600000000000014,0.08698722399993145,-1.0959732000000058,-1.0959732000000058,-9.81,9.81,0.7
1.8700000000000014,0.0760274919999302,-1.1940732000000176,-1.1940732000000176,-9.81,9.81,0.7
1.8800000000000014,0.06408675999992866,-1.2921732000000294,-1.2921732000000294,-9.81,9.81,0.7
1.8900000000000015,0.05116502799992692,-1.3902732000000413,-1.3902732000000413,-9.81,9.81,0.7
1.9000000000000015,0.03726229599992496,-1.4883732000000531,-1.4883732000000531,-9.81,9.81,0.7
1.9100000000000015,0.022378563999922788,-1.586473200000065,-1.586473200000065,-9.81,9.81,0.7
1.9200000000000015,0.006513831999920371,-1.6845732000000768,-1.6845732000000768,-9.81,9.81,0.7
1.9300000000000015,-0.010331900000082267,1.247871240000062,1.247871240000062,-9.81,9.81,0.7
1.9400000000000015,0.002146812399919738,1.1497712400000502,1.1497712400000502,-9.81,9.81,0.7
1.9500000000000015,0.013644524799921516,1.0516712400000383,1.0516712400000383,-9.81,9.81,0.7
1.9600000000000015,0.024161237199923063,0.953571240000027,0.953571240000027,-9.81,9.81,0.7
1.9700000000000015,0.0336969495999244,0.8554712400000163,0.8554712400000163,-9.81,9.81,0.7
1.9800000000000015,0.04225166199992551,0.7573712400000056,0.7573712400000056,-9.81,9.81,0.7
1.9900000000000015,0.04982537439992641,0.6592712399999948,0.6592712399999948,-9.81,9.81,0.7
2.0000000000000013,0.05641808679992694,0.5611712399999863,0.5611712399999863,-9.81,9.81,0.7
2.010000000000001,0.06202979919992729,0.46307123999997774,0.46307123999997774,-9.81,9.81,0.7
2.020000000000001,0.06666051159992745,0.36497123999996917,0.36497123999996917,-9.81,9.81,0.7
2.0300000000000007,0.07031022399992747,0.2668712399999606,0.2668712399999606,-9.81,9.81,0.7
2.0400000000000005,0.07297893639992736,0.16877123999995178,0.16877123999995178,-9.81,9.81,0.7
2.0500000000000003,0.074666648799927,0.07067123999994301,0.07067123999994301,-9.81,9.81,0.7
2.06,0.07537336119992652,-0.027428760000065697,-0.027428760000065697,-9.81,9.81,0.7
2.07,0.0750990735999259,-0.12552876000007443,-0.12552876000007443,-9.81,9.81,0.7
2.0799999999999996,0.07384378599992503,-0.22362876000008328,-0.22362876000008328,-9.81,9.81,0.7
2.0899999999999994,0.07160749839992403,-0.32172876000009193,-0.32172876000009193,-9.81,9.81,0.7
2.099999999999999,0.06839021079992276,-0.4198287600001005,-0.4198287600001005,-9.81,9.81,0.7
2.109999999999999,0.06419192319992137,-0.517928760000109,-0.517928760000109,-9.81,9.81,0.7
2.1199999999999988,0.05901263559991981,-0.6160287600001175,-0.6160287600001175,-9.81,9.81,0.7
2.1299999999999986,0.0528523479999181,-0.714128760000126,-0.714128760000126,-9.81,9.81,0.7
2.1399999999999983,0.0457110603999162,-0.8122287600001346,-0.8122287600001346,-9.81,9.81,0.7
2.149999999999998,0.03758877279991411,-0.9103287600001431,-0.9103287600001431,-9.81,9.81,0.7
2.159999999999998,0.028485485199911873,-1.0084287600001516,-1.0084287600001516,-9.81,9.81,0.7
2.1699999999999977,0.01840119759990946,-1.1065287600001612,-1.1065287600001612,-9.81,9.81,0.7
2.1799999999999975,0.007335909999906866,-1.2046287600001708,-1.2046287600001708,-9.81,9.81,0.7
2.1899999999999973,-0.00471037760009591,0.9119101320001263,0.9119101320001263,-9.81,9.81,0.7
2.199999999999997,0.004408723719906162,0.8138101320001178,0.8138101320001178,-9.81,9.81,0.7
2.209999999999997,0.012546825039908059,0.7157101320001092,0.7157101320001092,-9.81,9.81,0.7
2.2199999999999966,0.019703926359909793,0.6176101320001007,0.6176101320001007,-9.81,9.81,0.7
2.2299999999999964,0.025880027679911335,0.5195101320000922,0.5195101320000922,-9.81,9.81,0.7
2.239999999999996,0.03107512899991272,0.42141013200008365,0.42141013200008365,-9.81,9.81,0.7
2.249999999999996,0.03528923031991391,0.3233101320000751,0.3233101320000751,-9.81,9.81,0.7
2.259999999999996,0.038522331639914975,0.22521013200006643,0.22521013200006643,-9.81,9.81,0.7
2.2699999999999956,0.04077443295991585,0.12711013200005758,0.12711013200005758,-9.81,9.81,0.7
2.2799999999999954,0.04204553427991652,0.029010132000048875,0.029010132000048875,-9.81,9.81,0.7
2.289999999999995,0.04233563559991701,-0.06908986799995985,-0.06908986799995985,-9.81,9.81,0.7
2.299999999999995,0.041644736919917366,-0.16718986799996863,-0.16718986799996863,-9.81,9.81,0.7
2.3099999999999947,0.039972838239917534,-0.26528986799997745,-0.26528986799997745,-9.81,9.81,0.7
2.3199999999999945,0.037319939559917505,-0.363389867999986,-0.363389867999986,-9.81,9.81,0.7
2.3299999999999943,0.03368604087991735,-0.4614898679999946,-0.4614898679999946,-9.81,9.81,0.7
2.339999999999994,0.029071142199917,-0.5595898680000031,-0.5595898680000031,-9.81,9.81,0.7
2.349999999999994,0.02347524351991646,-0.6576898680000116,-0.6576898680000116,-9.81,9.81,0.7
2.3599999999999937,0.01689834483991576,-0.7557898680000201,-0.7557898680000201,-9.81,9.81,0.7
2.3699999999999934,0.009340446159914886,-0.8538898680000286,-0.8538898680000286,-9.81,9.81,0.7
2.3799999999999932,8.015474799138398E-4,-0.9519898680000372,-0.9519898680000372,-9.81,9.81,0.7
2.389999999999993,-0.008718351200087375,0.7350629076000323,0.7350629076000323,-9.81,9.81,0.7
2.399999999999993,-0.0013677221240863977,0.6369629076000238,0.6369629076000238,-9.81,9.81,0.7
2.4099999999999926,0.005001906951914407,0.5388629076000153,0.5388629076000153,-9.81,9.81,0.7
2.4199999999999924,0.010390536027915039,0.44076290760000675,0.44076290760000675,-9.81,9.81,0.7
2.429999999999992,0.014798165103915495,0.3426629075999982,0.3426629075999982,-9.81,9.81,0.7
2.439999999999992,0.018224794179915786,0.24456290759998958,0.24456290759998958,-9.81,9.81,0.7
2.4499999999999917,0.02067042325591589,0.14646290759998074,0.14646290759998074,-9.81,9.81,0.7
2.4599999999999915,0.02213505233191583,0.048362907599972,0.048362907599972,-9.81,9.81,0.7
2.4699999999999913,0.022618681407915578,-0.049737092400036716,-0.049737092400036716,-9.81,9.81,0.7
2.479999999999991,0.022121310483915167,-0.14783709240004547,-0.14783709240004547,-9.81,9.81,0.7
2.489999999999991,0.020642939559914596,-0.24593709240005432,-0.24593709240005432,-9.81,9.81,0.7
2.4999999999999907,0.018183568635913833,-0.3440370924000629,-0.3440370924000629,-9.81,9.81,0.7
2.5099999999999905,0.014743197711912905,-0.4421370924000715,-0.4421370924000715,-9.81,9.81,0.7
2.5199999999999902,0.010321826787911806,-0.54023709240008,-0.54023709240008,-9.81,9.81,0.7
2.52999999999999,0.0049194558639105304,-0.6383370924000885,-0.6383370924000885,-9.81,9.81,0.7
2.53999999999999,-0.0014639150600909221,0.5155059646800679,0.5155059646800679,-9.81,9.81,0.7
2.5499999999999896,0.0036911445867102146,0.41740596468005936,0.41740596468005936,-9.81,9.81,0.7
2.5599999999999894,0.007865204233511176,0.3193059646800508,0.3193059646800508,-9.81,9.81,0.7
2.569999999999989,0.01105826388031196,0.22120596468004214,0.22120596468004214,-9.81,9.81,0.7
2.579999999999989,0.013270323527112583,0.1231059646800333,0.1231059646800333,-9.81,9.81,0.7
2.5899999999999888,0.014501383173913031,0.0250059646800246,0.0250059646800246,-9.81,9.81,0.7
2.5999999999999885,0.014751442820713303,-0.07309403531998412,-0.07309403531998412,-9.81,9.81,0.7
2.6099999999999883,0.014020502467513398,-0.1711940353199929,-0.1711940353199929,-9.81,9.81,0.7
2.619999999999988,0.012308562114313316,-0.2692940353200017,-0.2692940353200017,-9.81,9.81,0.7
2.629999999999988,0.009615621761113058,-0.36739403532001025,-0.36739403532001025,-9.81,9.81,0.7
2.6399999999999877,0.005941681407912628,-0.4654940353200188,-0.4654940353200188,-9.81,9.81,0.7
2.6499999999999875,0.0012867410547120252,-0.5635940353200274,-0.5635940353200274,-9.81,9.81,0.7
2.6599999999999873,-0.00434919929848875,0.4631858247240251,0.4631858247240251,-9.81,9.81,0.7
2.669999999999987,2.82658948751913E-4,0.3650858247240165,0.3650858247240165,-9.81,9.81,0.7
2.679999999999987,0.003933517195992404,0.26698582472400795,0.26698582472400795,-9.81,9.81,0.7
2.6899999999999866,0.006603375443232719,0.16888582472399913,0.16888582472399913,-9.81,9.81,0.7
2.6999999999999864,0.008292233690472859,0.07078582472399036,0.07078582472399036,-9.81,9.81,0.7
2.709999999999986,0.00900009193771283,-0.027314175276018347,-0.027314175276018347,-9.81,9.81,0.7
2.719999999999986,0.008726950184952623,-0.12541417527602708,-0.12541417527602708,-9.81,9.81,0.7
2.7299999999999858,0.007472808432192241,-0.22351417527603593,-0.22351417527603593,-9.81,9.81,0.7
2.7399999999999856,0.005237666679431682,-0.3216141752760446,-0.3216141752760446,-9.81,9.81,0.7
2.7499999999999853,0.00202152492667095,-0.41971417527605315,-0.41971417527605315,-9.81,9.81,0.7
2.759999999999985,-0.0021756168260899547,0.36246992269324313,0.36246992269324313,-9.81,9.81,0.7
2.769999999999985,0.0014490824008427988,0.26436992269323456,0.26436992269323456,-9.81,9.81,0.7
2.7799999999999847,0.0040927816277753805,0.16626992269322574,0.16626992269322574,-9.81,9.81,0.7
2.7899999999999845,0.005755480854707786,0.06816992269321698,0.06816992269321698,-9.81,9.81,0.7
2.7999999999999843,0.006437180081640015,-0.029930077306791734,-0.029930077306791734,-9.81,9.81,0.7
2.809999999999984,0.006137879308572067,-0.12803007730680047,-0.12803007730680047,-9.81,9.81,0.7
2.819999999999984,0.0048575785355039515,-0.2261300773068093,-0.2261300773068093,-9.81,9.81,0.7
2.8299999999999836,0.0025962777624356594,-0.32423007730681797,-0.32423007730681797,-9.81,9.81,0.7
2.8399999999999834,-6.460230106328086E-4,0.2956310541147786,0.2956310541147786,-9.81,9.81,0.7
2.849999999999983,0.00231028753051524,0.19753105411476984,0.19753105411476984,-9.81,9.81,0.7
2.859999999999983,0.004285598071663114,0.09943105411476104,0.09943105411476104,-9.81,9.81,0.7
2.869999999999983,0.0052799086128108115,0.0013310541147523295,0.0013310541147523295,-9.81,9.81,0.7
2.8799999999999826,0.005293219153958332,-0.09676894588525639,-0.09676894588525639,-9.81,9.81,0.7
2.8899999999999824,0.0043255296951056855,-0.1948689458852652,-0.1948689458852652,-9.81,9.81,0.7
2.899999999999982,0.002376840236252862,-0.29296894588527395,-0.29296894588527395,-9.81,9.81,0.7
2.909999999999982,-5.528492226001378E-4,0.2737482621196977,0.2737482621196977,-9.81,9.81,0.7
2.9199999999999817,0.002184633398597083,0.17564826211968892,0.17564826211968892,-9.81,9.81,0.7
2.9299999999999815,0.003941116019794128,0.07754826211968015,0.07754826211968015,-9.81,9.81,0.7
2.9399999999999813,0.004716598640991,-0.020551737880328564,-0.020551737880328564,-9.81,9.81,0.7
2.949999999999981,0.004511081262187695,-0.11865173788033728,-0.11865173788033728,-9.81,9.81,0.7
2.959999999999981,0.0033245638833842165,-0.21675173788034613,-0.21675173788034613,-9.81,9.81,0.7
2.9699999999999807,0.0011570465045805632,-0.3148517378803548,-0.3148517378803548,-9.81,9.81,0.7
2.9799999999999804,-0.0019914708742232645,0.28906621651625436,0.28906621651625436,-9.81,9.81,0.7
2.9899999999999802,8.991912909395354E-4,0.1909662165162456,0.1909662165162456,-9.81,9.81,0.7
2.99999999999998,0.0028088534561021617,0.0928662165162368,0.0928662165162368,-9.81,9.81,0.7
3.00999999999998,0.0037375156212646125,-0.005233783483771906,-0.005233783483771906,-9.81,9.81,0.7
3.0199999999999796,0.0036851777864268867,-0.10333378348378063,-0.10333378348378063,-9.81,9.81,0.7
3.0299999999999794,0.0026518399515889886,-0.20143378348378943,-0.20143378348378943,-9.81,9.81,0.7
3.039999999999979,6.375021167509154E-4,-0.2995337834837981,-0.2995337834837981,-9.81,9.81,0.7
3.049999999999979,-0.0023578357180873313,0.27834364843866466,0.27834364843866466,-9.81,9.81,0.7
3.0599999999999787,4.2560076629956237E-4,0.18024364843865587,0.18024364843865587,-9.81,9.81,0.7
3.0699999999999785,0.002228037250686281,0.08214364843864709,0.08214364843864709,-9.81,9.81,0.7
3.0799999999999783,0.003049473735072826,-0.01595635156136162,-0.01595635156136162,-9.81,9.81,0.7
3.089999999999978,0.002889910219459194,-0.11405635156137034,-0.11405635156137034,-9.81,9.81,0.7
3.099999999999978,0.0017493467038453903,-0.21215635156137916,-0.21215635156137916,-9.81,9.81,0.7
3.1099999999999777,-3.722168117685899E-4,0.21717944609297146,0.21717944609297146,-9.81,9.81,0.7
3.1199999999999775,0.0017995776491613177,0.11907944609296263,0.11907944609296263,-9.81,9.81,0.7
3.1299999999999772,0.0029903721100910507,0.020979446092953925,0.020979446092953925,-9.81,9.81,0.7
3.139999999999977,0.003200166571020607,-0.0771205539070548,-0.0771205539070548,-9.81,9.81,0.7
3.149999999999977,0.002428961031949991,-0.1752205539070636,-0.1752205539070636,-9.81,9.81,0.7
3.1599999999999766,6.76755492879199E-4,-0.2733205539070724,-0.2733205539070724,-9.81,9.81,0.7
3.1699999999999764,-0.002056450046191768,0.25999438773495664,0.25999438773495664,-9.81,9.81,0.7
3.179999999999976,5.434938311580299E-4,0.16189438773494783,0.16189438773494783,-9.81,9.81,0.7
3.189999999999976,0.002162437708507652,0.06379438773493908,0.06379438773493908,-9.81,9.81,0.7
3.1999999999999758,0.002800381585857099,-0.03430561226506964,-0.03430561226506964,-9.81,9.81,0.7
3.2099999999999755,0.002457325463206374,-0.13240561226507835,-0.13240561226507835,-9.81,9.81,0.7
3.2199999999999753,0.0011332693405554724,-0.2305056122650872,-0.2305056122650872,-9.81,9.81,0.7
3.229999999999975,-0.0011717867820956042,0.23002392858556706,0.23002392858556706,-9.81,9.81,0.7
3.239999999999975,0.0011284525037602708,0.1319239285855582,0.1319239285855582,-9.81,9.81,0.7
3.2499999999999747,0.00244769178961597,0.0338239285855495,0.0338239285855495,-9.81,9.81,0.7
3.2599999999999745,0.002785931075471497,-0.06427607141445922,-0.06427607141445922,-9.81,9.81,0.7
3.2699999999999743,0.002143170361326847,-0.16237607141446797,-0.16237607141446797,-9.81,9.81,0.7
3.279999999999974,5.19409647182023E-4,-0.26047607141447676,-0.26047607141447676,-9.81,9.81,0.7
3.289999999999974,-0.0020853510669629756,0.25100324999013973,0.25100324999013973,-9.81,9.81,0.7
3.2999999999999736,4.246814329386449E-4,0.15290324999013089,0.15290324999013089,-9.81,9.81,0.7
3.3099999999999734,0.001953713932840089,0.05480324999012215,0.05480324999012215,-9.81,9.81,0.7
3.319999999999973,0.002501746432741361,-0.043296750009886566,-0.043296750009886566,-9.81,9.81,0.7
3.329999999999973,0.002068778932642456,-0.1413967500098953,-0.1413967500098953,-9.81,9.81,0.7
3.3399999999999728,6.548114325433771E-4,-0.23949675000990414,-0.23949675000990414,-9.81,9.81,0.7
3.3499999999999726,-0.001740156067555877,0.2363177250069389,0.2363177250069389,-9.81,9.81,0.7
3.3599999999999723,6.23021182513722E-4,0.13821772500693005,0.13821772500693005,-9.81,9.81,0.7
3.369999999999972,0.0020051984325831452,0.04011772500692133,0.04011772500692133,-9.81,9.81,0.7
3.379999999999972,0.0024063756826523943,-0.057982274993087383,-0.057982274993087383,-9.81,9.81,0.7
3.3899999999999717,0.0018265529327214677,-0.15608227499309615,-0.15608227499309615,-9.81,9.81,0.7
3.3999999999999715,2.65730182790368E-4,-0.254182274993105,-0.254182274993105,-9.81,9.81,0.7
3.4099999999999713,-0.002276092567140908,0.24659759249517946,0.24659759249517946,-9.81,9.81,0.7
3.419999999999971,1.898833578111062E-4,0.1484975924951706,0.1484975924951706,-9.81,9.81,0.7
3.429999999999971,0.001674859282762944,0.050397592495161875,0.050397592495161875,-9.81,9.81,0.7
3.4399999999999706,0.002178835207714608,-0.04770240750484684,-0.04770240750484684,-9.81,9.81,0.7
3.4499999999999704,0.0017018111326660972,-0.1458024075048556,-0.1458024075048556,-9.81,9.81,0.7
3.45999999999997,2.4378705761741174E-4,-0.24390240750486444,-0.24390240750486444,-9.81,9.81,0.7
3.46999999999997,-0.00219523701743145,0.2394016852534111,0.2394016852534111,-9.81,9.81,0.7
3.47999999999997,1.9877983510287338E-4,0.14130168525340225,0.14130168525340225,-9.81,9.81,0.7
3.4899999999999696,0.0016117966876370217,0.04320168525339353,0.04320168525339353,-9.81,9.81,0.7
3.4999999999999694,0.002043813540170996,-0.05489831474661518,-0.05489831474661518,-9.81,9.81,0.7
3.509999999999969,0.0014948303927047957,-0.15299831474662393,-0.15299831474662393,-9.81,9.81,0.7
3.519999999999969,-3.515275476157928E-5,0.1757688203226429,0.1757688203226429,-9.81,9.81,0.7
3.5299999999999687,0.0017225354484650059,0.07766882032263413,0.07766882032263413,-9.81,9.81,0.7
3.5399999999999685,0.002499223651691415,-0.020431179677374584,-0.020431179677374584,-9.81,9.81,0.7
3.5499999999999683,0.002294911854917651,-0.1185311796773833,-0.1185311796773833,-9.81,9.81,0.7
3.559999999999968,0.0011096000581437126,-0.21663117967739215,-0.21663117967739215,-9.81,9.81,0.7
3.569999999999968,-0.0010567117386304015,0.22031182577418057,0.22031182577418057,-9.81,9.81,0.7
3.5799999999999677,0.0011464065191115998,0.12221182577417174,0.12221182577417174,-9.81,9.81,0.7
3.5899999999999674,0.002368524776853426,0.024111825774163032,0.024111825774163032,-9.81,9.81,0.7
3.5999999999999672,0.002609643034595076,-0.0739881742258457,-0.0739881742258457,-9.81,9.81,0.7
3.609999999999967,0.0018697612923365538,-0.17208817422585446,-0.17208817422585446,-9.81,9.81,0.7
3.619999999999967,1.4887955007785667E-4,-0.2701881742258632,-0.2701881742258632,-9.81,9.81,0.7
3.6299999999999666,-0.002553002192181015,0.25780172195811024,0.25780172195811024,-9.81,9.81,0.7
3.6399999999999664,2.5015027400316574E-5,0.1597017219581014,0.1597017219581014,-9.81,9.81,0.7
3.649999999999966,0.001622032246981472,0.061601721958092645,0.061601721958092645,-9.81,9.81,0.7
3.659999999999966,0.0022380494665624534,-0.03649827804191607,-0.03649827804191607,-9.81,9.81,0.7
3.6699999999999657,0.0018730666861432597,-0.13459827804192478,-0.13459827804192478,-9.81,9.81,0.7
3.6799999999999655,5.270839057238919E-4,-0.23269827804193363,-0.23269827804193363,-9.81,9.81,0.7
3.6899999999999653,-0.001799898874695651,0.23155879462935955,0.23155879462935955,-9.81,9.81,0.7
3.699999999999965,5.1568907159815E-4,0.1334587946293507,0.1334587946293507,-9.81,9.81,0.7
3.709999999999965,0.001850277017891776,0.035358794629341994,0.035358794629341994,-9.81,9.81,0.7
3.7199999999999647,0.002203864964185227,-0.06274120537066673,-0.06274120537066673,-9.81,9.81,0.7
3.7299999999999645,0.0015764529104785037,-0.16084120537067548,-0.16084120537067548,-9.81,9.81,0.7
3.7399999999999642,-3.1959143228393755E-5,0.181258843759479,0.181258843759479,-9.81,9.81,0.7
3.749999999999964,0.0017806292943665575,0.08315884375947023,0.08315884375947023,-9.81,9.81,0.7
3.759999999999964,0.0026122177319613327,-0.01494115624053848,-0.01494115624053848,-9.81,9.81,0.7
3.7699999999999636,0.0024628061695559354,-0.1130411562405472,-0.1130411562405472,-9.81,9.81,0.7
3.7799999999999634,0.001332394607150363,-0.21114115624055602,-0.21114115624055602,-9.81,9.81,0.7
3.789999999999963,-7.790169552553851E-4,0.21646880936839527,0.21646880936839527,-9.81,9.81,0.7
3.799999999999963,0.0013856711384287598,0.11836880936838644,0.11836880936838644,-9.81,9.81,0.7
3.8099999999999627,0.002569359232112729,0.020268809368377733,0.020268809368377733,-9.81,9.81,0.7
3.8199999999999625,0.0027720473257965253,-0.07783119063163099,-0.07783119063163099,-9.81,9.81,0.7
3.8299999999999623,0.001993735419480145,-0.17593119063163978,-0.17593119063163978,-9.81,9.81,0.7
3.839999999999962,2.3442351316359066E-4,-0.27403119063164855,-0.27403119063164855,-9.81,9.81,0.7
3.849999999999962,-0.002505888393153138,0.26049183344216,0.26049183344216,-9.81,9.81,0.7
3.8599999999999617,9.902994126869259E-5,0.16239183344215116,0.16239183344215116,-9.81,9.81,0.7
3.8699999999999615,0.0017229482756903486,0.06429183344214241,0.06429183344214241,-9.81,9.81,0.7
3.8799999999999613,0.0023658666101118294,-0.0338081665578663,-0.0338081665578663,-9.81,9.81,0.7
3.889999999999961,0.0020277849445331374,-0.13190816655787502,-0.13190816655787502,-9.81,9.81,0.7
3.899999999999961,7.087032789542705E-4,-0.23000816655788386,-0.23000816655788386,-9.81,9.81,0.7
3.9099999999999606,-0.0015913783866247724,0.22967571659052471,0.22967571659052471,-9.81,9.81,0.7
3.9199999999999604,7.053787792806787E-4,0.13157571659051587,0.13157571659051587,-9.81,9.81,0.7
3.92999999999996,0.0020211359451859532,0.03347571659050716,0.03347571659050716,-9.81,9.81,0.7
3.93999999999996,0.0023558931110910556,-0.06462428340950156,-0.06462428340950156,-9.81,9.81,0.7
3.9499999999999598,0.001709650276995982,-0.1627242834095103,-0.1627242834095103,-9.81,9.81,0.7
3.9599999999999596,8.240744290073448E-5,-0.26082428340951913,-0.26082428340951913,-9.81,9.81,0.7
3.9699999999999593,-0.0025258353911946888,0.25124699838666936,0.25124699838666936,-9.81,9.81,0.7
3.979999999999959,-1.3365407327771523E-5,0.15314699838666052,0.15314699838666052,-9.81,9.81,0.7
3.989999999999959,0.0015181045765389695,0.05504699838665178,0.05504699838665178,-9.81,9.81,0.7
3.9999999999999587,0.002068574560405536,-0.043053001613356935,-0.043053001613356935,-9.81,9.81,0.7
